Gen-Position,Probe,Position
ddn-144,AGAAGATTCCGGTCGCGCTG,1
embA-9,CATCGAGCCTCGTGCCCCAC,1
embB-219,TGACCGCCCCGCTGATCTCG,1
embB-915,ACGACGGCTACATCCTGGGC,1
embB-954,ACGCCGGCTACATGTCCAAC,1
embB-981,GCTGGTTCGGCAGCCCGGAG,1
embB-1059,GTCTGTGGATGCGCCTGCCA,1
embB-1215,ACAACGGCCTGCGGCCGGAG,1
embB-1488,TGACCGTGGTGTTCGCCGAC,1
ethA-30,ACCTCGACGTTGTCATCGTG,1
ethA-93,ACCGTTGCCCGACCAAGAGC,1
ethA-168,ATCCCGGAATTCGCTCCGAC,1
ethA-261,TCCTCGAGTACGTCAAGAGC,1
ethA-438,ACTACAACTACGACGAGGGC,1
ethA-618,AGCACGTCACGATGCTGCAG,1
ethA-1020,CGGCTGACATCATCATTACC,1
ethA-1074,CGACGGCGACTATCGACGGA,1
ethA-1131,GCATGATGCTTTCCGGCATC,1
ethA-1167,CGGTTGGCTACACCAATGCC,1
gid-204,GTGACCGGGTCGTGGATATC,1
gid-216,TGGATATCGGTAGCGGAGCC,1
gid-222,TCGGTAGCGGAGCCGGGTTG,1
gid-249,TGCCATTGGCGATAGCGCGG,1
gid-372,GCGCCGAGGAGTCCTGGGTG,1
gid-399,AATTGGGCGGCAGCGACGCT,1
glpK-570,TGACCGGCGGGCCGCGGGGG,1
gyrA-219,ACCGCAGCCACGCCAAGTCG,1
gyrA-303,GCCTGGTGCGCATGGCCCAG,1
gyrA-261,TGGGCAACTACCACCCGCAC,1
gyrA-261,TGGGCAACTACCACCCGCAC,1
gyrA-267,ACTACCACCCGCACGGCGAC,1-3
gyrA-279,ACGGCGACGCGTCGATCTAC,1
gyrB-1380,AACTGTATGTCGTAGAAGGT,
gyrB-1494,GCATCGACCGGGTGCTAAAG,
gyrB-1500,ACCGGGTGCTAAAGAACACC,
gyrB-1509,TAAAGAACACCGAAGTTCAG,
inhA-151,GCGGCTGATTCAGCGCATCA,
inhA-767,CCGGCGACCACGGGTGACAT,
InhA-774,CGACCACGGGTGACATCATC,
inhA-279,AGCTCGACGGGGTGGTGCAT,1
kasA-804,TGGCCCGATTGCTGGGTGCC,1
katG-417,ACAGCTGGCCCGACAACGCC,1
katG-852,CCGGCCCGGCCGATCTGGTC,1
KatG-981,GGACGAACACCCCGACGAAA,
panD-93,CGGTGACCATCGATGCCGAC,1
pncA-168,TCCACATCGACCCGGGTGAC,1
pncA-483,TGCTGGTGGACCTGACAGCG,1
pncA-552,CCAGCGTCGAGTTGGTTTGC,1
pncA-0,GCCCGAACGTATGGTGGACGT,1-9-12-15-18-21-24-27-30
pncA-33,TCATCGTCGACGTGCAGAAC,1-3-6-15-18-21
pncA-60,GCGAGGGTGGCTCGCTGGCG,1-12-21
pncA-90,GCGCCGCGCTGGCCCGCGCC,1-9
pncA-129,AAGCGGCGGACTACCATCAC,1-6-9-12-15
pncA-150,TCGTGGCAACCAAGGACTTC,1-9
pncA-168,TCCACATCGACCCGGGTGAC,1-3-6
pncA-183,GTGACCACTTCTCCGGCACA,1-3-6-15-18-21
pncA-210,ATTCCTCGTCGTGGCCACCG,1-2
pncA-225,CACCGCATTGCGTCAGCGGT,
pncA-267,CCAGTCTGGACACGTCGGCA,1-3
pncA-279,CGTCGGCAATCGAGGCGGTG,1-6-9
pncA-294,CGGTGTTCTACAAGGGTGCC,1
pncA-303,ACAAGGGTGCCTACACCGGA,1-3-6-9-12
pncA-321,GAGCGTACAGCGGCTTCGAA,1
pncA-345,TCGACGAGAACGGCACGCCA,1
pncA-354,ACGGCACGCCACTGCTGAAT,1-3
pncA-363,CACTGCTGAATTGGCTGCGG,
pncA-372,ATTGGCTGCGGCAACGCGGC,
pncA-381,GGCAACGCGGCGTCGATGAG,1-6-9-12-15-18
pncA-402,TCGATGTGGTCGGTATTGCC,
pncA-411,TCGGTATTGCCACCGATCAT,
pncA-414,GTATTGCCACCGATCATTGT,
pncA-420,CCACCGATCATTGTGTGCGC,
pncA-423,CCGATCATTGTGTGCGCCAG,1-3
pncA-435,TGCGCCAGACGGCCGAGGAC,1-3
pncA-450,AGGACGCGGTACGCAATGGC,1-9-12
pncA-474,CCACCAGGGTGCTGGTGGAC,1-3-9-15
pncA-501,CGGGTGTGTCGGCCGATACC,
pncA-510,CGGCCGATACCACCGTCGCC,1-3-12
pncA-528,CCGCGCTGGAGGAGATGCGC,
pncA-537,AGGAGATGCGCACCGCCAGC,
pncA-543,TGCGCACCGCCAGCGTCGAG,
pykA-654,GGGTGCCGGTGATCGCCAAG,1
rplC-459,GTCCGGGCTCCATCGGCGGA,1
rpoB-1719,CGTCTGAGGTGGACTACATG,1
rpoB-1278,CGATCAAGGAGTTCTTCGGC,1-3-6-9-12-15-18
rpoB-1299,CCAGCCAGCTGAGCCAATTC,1-2
rpoB-1275,CCGCGATCAAGGAGTTCTTC,
rpoB-1305,AGCTGAGCCAATTCATGGAC,1-3-9
rpoB-1320,TGGACCAGAACAACCCGCTG,1-3
rpoB-1323,ACCAGAACAACCCGCTGTCG,1-3-6-9
rpoB-1305,AGCTGAGCCAATTCATGGAC,
rpoB-1341,CGGGGTTGACCCACAAGCGC,
rpoB-1281,TCAAGGAGTTCTTCGGCACC,
rpoB-1344,GGTTGACCCACAAGCGCCGA,1-3-6-9
rpoB-1347,TGACCCACAAGCGCCGACTG,
rpsL-126,GCGTGTACACCACCACTCCG,1
rpsL-261,TGGTGCGCGGCGGCCGGGTG,1
rpsL-126,GCGTGTACACCACCACTCCG,
rpsL-261,TGGTGCGCGGCGGCCGGGTG,
